,COURSE NUMBER,SECTION,TITLE,EXAM DATE,TIME,NOTE
0,ACCT 351,001,Intermediate Financial Acct 1,29-Apr,14:00,
1,ACCT 352,001,Intermediate Financial Acct 2,23-Apr,14:00,
2,ACCT 352,002,Intermediate Financial Acct 2,23-Apr,14:00,
3,ACCT 354,001,Financial Statement Analysis,27-Apr,14:00,
4,ACCT 354,051,Financial Statement Analysis,27-Apr,14:00,
5,ACCT 361,001,Management Accounting,21-Apr,9:00,
6,ACCT 362,001,Cost Accounting,27-Apr,18:30,
7,ACCT 362,003,Cost Accounting,27-Apr,18:30,
8,ACCT 385,001,Principles of Taxation,22-Apr,14:00,
9,ACCT 385,002,Principles of Taxation,22-Apr,14:00,
10,ACCT 453,001,Advanced Financial Accounting,30-Apr,9:00,
11,ACCT 463,001,Management Control,21-Apr,14:00,
12,ACCT 475,001,Principles of Auditing,24-Apr,9:00,
13,ACCT 475,002,Principles of Auditing,24-Apr,9:00,
14,ACCT 486,001,Business Taxation 2,17-Apr,14:00,
15,AEBI 122,001,Cell Biology,17-Apr,9:00,MAC
16,AEBI 211,001,Organisms 2,21-Apr,9:00,MAC
17,AEBI 212,001,Evolution and Phylogeny,23-Apr,14:00,MAC
18,AECH 111,001,General Chemistry 2,20-Apr,9:00,MAC
19,AEHM 205,001,Science Literacy,17-Apr,14:00,MAC
20,AEMA 102,001,Calculus 2,24-Apr,14:00,MAC
21,AEMA 305,001,Differential Equations,27-Apr,9:00,MAC
22,AEMA 310,001,Statistical Methods 1,29-Apr,14:00,MAC
23,AEPH 114,001,Introductory Physics 2,30-Apr,14:00,MAC
24,AEPH 115,001,Physics 2,30-Apr,14:00,MAC
25,AGEC 201,001,Principles of Macroeconomics,28-Apr,14:00,MAC
26,AGEC 231,001,Econ Systems of Agriculture,17-Apr,9:00,MAC
27,AGEC 442,001,Econ of Int'l Agric Dvlpmnt,21-Apr,23:30,MAC HOME
28,AGEC 450,001,Agribusiness Management,30-Apr,9:00,MAC
29,AGEC 642,001,Econ of Agr Development,21-Apr,23:30,MAC HOME
30,AGRI 330,001,Agricultural Legislation,23-Apr,23:30,MAC HOME
31,AGRI 340,001,Princ of Ecological Agricult,28-Apr,14:00,MAC
32,AGRI 411,001,"Global Issues on Dev, Food&Agr",30-Apr,14:00,MAC
33,ANAT 212,001,Molec Mechanisms of Cell Funct,27-Apr,14:00,
34,ANAT 262,001,Intro Molecular &Cell Biol,17-Apr,14:00,
35,COURSE NUMBER,SECTION,TITLE,EXAM DATE,TIME,NOTE
36,ANAT 314,001,Human Musculoskeletal Anatomy,30-Apr,9:00,
37,ANAT 314,001L,Human Musculoskeletal Anatomy,22-Apr,14:00,LAB
38,ANAT 316,001,Clinical Human Visceral Anat,30-Apr,18:30,
39,ANAT 316,001L,Clinical Human Visceral Anat,27-Apr,14:00,LAB
40,ANAT 316,999,Clinical Human Visceral Anat,30-Apr,18:30,
41,ANAT 322,001,Neuroendocrinology,22-Apr,18:30,
42,ANAT 416,001,"Dev., Disease and Regeneration",23-Apr,18:30,
43,ANAT 458,001,Membranes & Cellular Signaling,30-Apr,9:00,
44,ANAT 542,001,Transmission EM,29-Apr,9:00,DEPT
45,ANSC 234,001,Biochemistry 2,27-Apr,14:00,MAC
46,ANSC 251,001,Comparative Anatomy,29-Apr,14:00,MAC LAB
47,ANSC 301,001,Principles of Animal Breeding,29-Apr,9:00,MAC
48,ANSC 350,001,Food-Borne Pathogens,22-Apr,14:00,MAC
49,ANSC 400,001,Eukaryotic Cells and Viruses,30-Apr,9:00,MAC
50,ANSC 424,001,Metabolic Endocrinology,24-Apr,14:00,MAC
51,ANSC 451,001,Dairy and Beef Prod Management,20-Apr,14:00,MAC
52,ANSC 560,001,Biology of Lactation,17-Apr,14:00,MAC
53,ANSC 600,001,Adv Eukaryotic Cells & Viruses,30-Apr,9:00,MAC
54,ANTH 204,001,Anthropology of Meaning,21-Apr,14:00,
55,ANTH 207,001,Ethnography Through Film,24-Apr,9:00,HOME
56,ANTH 209,001,Anthropology of Religion,22-Apr,9:00,
57,ANTH 212,001,Anthropology of Development,29-Apr,18:30,
58,ANTH 302,001,New Horizons in Medical Anth.,17-Apr,9:00,HOME
59,ANTH 330,001,Traditional Whaling Societies,22-Apr,18:30,
60,ANTH 355,001,Theories of Culture & Society,17-Apr,9:00,HOME
61,ANTH 359,001,Hist of Archaeological Theory,23-Apr,14:00,HOME
62,ANTH 381,001,Special Topic 2,20-Apr,9:00,HOME
63,ARCH 202,001,Arch Graphics&Elements of Des,17-Apr,9:00,All Day Oral
64,ARCH 202,003,Arch Graphics&Elements of Des,17-Apr,9:00,All Day Oral
65,ARCH 251,001,Architectural History 2,30-Apr,18:30,DEPT
66,ARCH 251,004,Architectural History 2,30-Apr,18:30,DEPT
67,ARCH 304,001,Design and Construction 2,20-Apr,9:00,All Day Oral
68,ARCH 304,002,Design and Construction 2,20-Apr,9:00,All Day Oral
69,ARCH 355,001,Architectural History 4,28-Apr,18:30,DEPT
70,ARCH 406,001,Design and Construction 4,27/28-Apr,9:00,All Day Oral
71,COURSE NUMBER,SECTION,TITLE,EXAM DATE,TIME,NOTE
72,ARCH 406,002,Design and Construction 4,27/28-Apr,9:00,All Day Oral
73,ARCH 406,003,Design and Construction 4,27/28-Apr,9:00,All Day Oral
74,ARCH 406,007,Design and Construction 4,27/28-Apr,9:00,All Day Oral
75,ARCH 673,001,Architectural Design 2,22-Apr,9:00,All Day Oral
76,ARCH 673,003,Architectural Design 2,22/23-Apr,9:00,All Day Oral
77,ARCH 673,005,Architectural Design 2,27/28-Apr,9:00,All Day Oral
78,ARTH 207,001,Intro Early Mod. Art 1400-1700,20-Apr,18:30,HOME
79,ARTH 325,001,Vis Culture Renaissance Venice,22-Apr,14:00,DEPT
80,ARTH 354,001,Selected Topics Art History 2,28-Apr,14:00,DEPT
81,ATOC 100,001,Extr-Weath&Climate-Chg Physics,27-Apr,9:00,DEPT
82,ATOC 181,001,Intro to Atmospheric Science,20-Apr,18:30,
83,ATOC 182,001,Intro to Oceanic Sciences,21-Apr,18:30,
84,ATOC 184,001,Science of Storms,29-Apr,9:00,
85,ATOC 215,001,"Oceans, Weather and Climate",24-Apr,9:00,
86,ATOC 219,001,Intro to Atmospheric Chemistry,21-Apr,18:30,
87,ATOC 357,001,Atmospheric & Oceanic Sci Lab,23-Apr,9:00,DEPT
88,ATOC 513,001,Waves & Stability,20-Apr,18:30,DEPT
89,ATOC 521,001,Cloud Physics,30-Apr,18:30,DEPT
90,BIEN 300,001,Thermodynamics in Bioengin,20-Apr,14:00,DEPT
91,BIEN 330,001,Tissue Eng & Regenerative Med,21-Apr,14:00,DEPT
92,BIEN 340,001,Transp. Phenom. in Biol. Sys 2,22-Apr,14:00,HOME
93,BIEN 360,001,Physical Chemistry in Bioengin,28-Apr,18:30,
94,BIOC 212,001,Molec Mechanisms of Cell Funct,27-Apr,14:00,
95,BIOC 220,001,Lab Meth in Biochem&Mol Biol 1,30-Apr,18:30,
96,BIOC 312,001,Biochemistry of Macromolecules,22-Apr,9:00,
97,BIOC 404,001,Biophysical Methods in Biochem,27-Apr,18:30,
98,BIOC 458,001,Membranes & Cellular Signaling,30-Apr,9:00,
99,BIOC 470,001,Lipids&Lipoproteins in Disease,22-Apr,18:30,
100,BIOC 503,001,Immunochemistry,17-Apr,9:00,DEPT
101,BIOL 112,001,Cell and Molecular Biology,22-Apr,18:30,
102,BIOL 201,001,Cell Biology & Metabolism,22-Apr,14:00,
103,BIOL 202,001,Basic Genetics,23-Apr,14:00,
104,BIOL 205,001,Biology of Organisms,29-Apr,14:00,
105,BIOL 303,001,Developmental Biology,29-Apr,18:30,
106,BIOL 305,001,Animal Diversity,23-Apr,18:30,
107,COURSE NUMBER,SECTION,TITLE,EXAM DATE,TIME,NOTE
108,BIOL 307,001,Behavioural Ecology,28-Apr,18:30,
109,BIOL 310,001,Biodiversity and Ecosystems,20-Apr,9:00,
110,BIOL 313,001,Eukaryotic Cell Biology,17-Apr,9:00,
111,BIOL 319,001,Introduction to Biophysics,24-Apr,14:00,
112,BIOL 320,001,Evolution of Brain & Behaviour,24-Apr,14:00,DEPT
113,BIOL 352,001,Dinosaur Biology,27-Apr,18:30,DEPT
114,BIOL 418,001,Freshwater Invertebrate Ecol,20-Apr,14:00,DEPT
115,BIOL 441,001,Biological Oceanography,27-Apr,18:30,DEPT
116,BIOL 568,001,Topics on the Human Genome,28-Apr,18:30,DEPT
117,BREE 103,001,Linear Algebra,21-Apr,14:00,MAC
118,BREE 217,001,Hydrology and Water Resources,17-Apr,14:00,MAC
119,BREE 301,001,Biothermodynamics,22-Apr,14:00,MAC
120,BREE 314,001,Agri-Food Buildings,24-Apr,9:00,MAC
121,BREE 341,001,Mechanics of Materials,20-Apr,14:00,MAC
122,BREE 415,001,Design of Mach.&Struct.Elems,24-Apr,9:00,MAC
123,BREE 501,001,Simulation and Modelling,30-Apr,14:00,MAC LAB
124,BREE 518,001,Ecological Engineering,29-Apr,14:00,MAC
125,BUSA 364,051,Business Law 1,28-Apr,18:30,
126,BUSA 391,071,International Business Law,27-Apr,14:00,
127,CANS 405,001,Canadian Studies Seminar 5,22-Apr,18:30,HOME
128,CANS 406,001,Canadian Studies Seminar 6,27-Apr,9:00,
129,CATH 340,001,Catholicism and Public Policy,20-Apr,14:00,HOME
130,CHEE 204,001,Chem Engineering Principles 2,20-Apr,14:00,
131,CHEE 220,001,Chemical Engrg Thermodynamics,28-Apr,9:00,
132,CHEE 310,001,Physical Chemistry for Eng.,21-Apr,14:00,
133,CHEE 315,001,Heat and Mass Transfer,22-Apr,18:30,
134,CHEE 351,001,Separation Processes,27-Apr,18:30,
135,CHEE 440,001,Process Modelling,28-Apr,9:00,
136,CHEE 455,001,Process Control,23-Apr,14:00,
137,CHEE 456,001,Design Project 1,20-Apr,9:00,ORAL
138,CHEE 457,001,Design Project 2,21-Apr,9:00,ORAL
139,CHEE 521,001,Nanomat & the Aquatic Environ,24-Apr,14:00,DEPT
140,CHEE 563,001,Biofluids&Cardiovascular Mech.,27-Apr,14:00,
141,CHEE 582,001,Polymer Science & Engineering,30-Apr,18:30,
142,CHEE 591,001,Environmental Bioremediation,17-Apr,9:00,
143,COURSE NUMBER,SECTION,TITLE,EXAM DATE,TIME,NOTE
144,CHEM 120,001,General Chemistry 2,17-Apr,14:00,
145,CHEM 120,002,General Chemistry 2,17-Apr,14:00,
146,CHEM 180,001,World of Chem: Environment,20-Apr,14:00,
147,CHEM 181,761,World of Chem: Food,17-Apr,18:30,See CS
148,CHEM 204,001,Physical Chem./Biol.Sci. 1,27-Apr,18:30,
149,CHEM 211,001,Organic Chemistry 1 Lectures,29-Apr,9:00,
150,CHEM 212,001,Intro Organic Chemistry 1,29-Apr,9:00,
151,CHEM 214,001,Physical Chem./Biol. Sci. 2,21-Apr,9:00,
152,CHEM 219,001,Intro to Atmospheric Chemistry,21-Apr,18:30,
153,CHEM 222,001,Intro Organic Chemistry 2,24-Apr,9:00,
154,CHEM 233,001,Topics in Physical Chemistry,28-Apr,18:30,
155,CHEM 234,001,Topics in Organic Chemistry,24-Apr,9:00,
156,CHEM 273,001,Intro Phys Chem2:Kinetics&Meth,30-Apr,18:30,DEPT
157,CHEM 281,001,Inorganic Chemistry 1,27-Apr,14:00,
158,CHEM 332,001,Biological Chemistry,17-Apr,14:00,DEPT
159,CHEM 334,001,Advanced Materials,28-Apr,9:00,
160,CHEM 355,001,Applications of Quantum Chem.,22-Apr,14:00,
161,CHEM 365,001,Statistical Thermodynamics,30-Apr,18:30,
162,CHEM 377,001,Instrumental Analysis 2,24-Apr,14:00,
163,CHEM 482,001,Organic Chem:Natural Products,29-Apr,18:30,DEPT
164,CHEM 502,001,Advanced Bio-Organic Chemistry,23-Apr,14:00,
165,CHEM 533,001,Small Molecule Crystallography,29-Apr,18:30,DEPT
166,CHEM 577,001,Electrochemistry,22-Apr,14:00,HOME
167,CIVE 202,001,Construction Materials,28-Apr,14:00,
168,CIVE 205,001,Statics,21-Apr,9:00,
169,CIVE 206,001,Dynamics,24-Apr,9:00,
170,CIVE 207,001,Solid Mechanics,30-Apr,14:00,
171,CIVE 225,001,Environmental Engineering,20-Apr,14:00,
172,CIVE 284,001,Structural Engineering Basics,27-Apr,18:30,
173,CIVE 302,001,Probabilistic Systems,17-Apr,9:00,
174,CIVE 318,001,Structural Engineering 2,28-Apr,18:30,
175,CIVE 319,001,Transportation Engineering,22-Apr,9:00,
176,CIVE 324,001,Sustainable Project Management,30-Apr,18:30,
177,CIVE 327,001,Fluid Mechanics & Hydraulics,23-Apr,18:30,
178,CIVE 388,001,Foundations & Concrete Design,29-Apr,18:30,
179,COURSE NUMBER,SECTION,TITLE,EXAM DATE,TIME,NOTE
180,CIVE 416,001,Geotechnical Engineering,27-Apr,14:00,
181,CIVE 421,001,Municipal Systems,23-Apr,14:00,DEPT
182,CIVE 451,001,Geoenvironmental Engineering,24-Apr,14:00,DEPT
183,CIVE 463,001,Design of Concrete Structures,21-Apr,9:00,
184,CIVE 512,001,Advanced Civil Engrg Materials,22-Apr,14:00,
185,CIVE 520,001,Groundwater Hydrology,23-Apr,14:00,DEPT
186,CIVE 540,001,Urban Transportation Planning,24-Apr,14:00,
187,CIVE 550,001,Water Resources Management,20-Apr,18:30,DEPT
188,CIVE 555,001,Environmental Data Analysis,27-Apr,9:00,DEPT
189,CLAS 212,001,Introductory Latin 2,24-Apr,14:00,DEPT
190,CLAS 212,002,Introductory Latin 2,24-Apr,14:00,DEPT
191,CLAS 212,003,Introductory Latin 2,24-Apr,14:00,DEPT
192,CLAS 240,001,Intro to Classical Archaeology,20-Apr,9:00,
193,CLAS 302,001,Roman Literature and Society,20-Apr,14:00,HOME
194,CLAS 312,001,Intermediate Latin 2,24-Apr,14:00,DEPT
195,CLAS 322,001,Intermediate Ancient Greek 2,30-Apr,18:30,DEPT
196,CLAS 422,001,Advanced Ancient Greek: Themes,28-Apr,14:00,DEPT
197,COMP 189,001,Computers and Society,20-Apr,18:30,DEPT
198,COMP 202,001,Foundations of Programming,23-Apr,18:30,
199,COMP 202,002,Foundations of Programming,23-Apr,18:30,
200,COMP 204,001,Comp. Programming for Life Sci,29-Apr,14:00,
201,COMP 206,001,Intro to Software Systems,29-Apr,14:00,
202,COMP 206,002,Intro to Software Systems,29-Apr,14:00,
203,COMP 208,001,Computer Programming for PS&E,17-Apr,9:00,
204,COMP 208,002,Computer Programming for PS&E,17-Apr,9:00,
205,COMP 250,001,Intro to Computer Science,23-Apr,18:30,
206,COMP 250,002,Intro to Computer Science,23-Apr,18:30,
207,COMP 251,001,Algorithms and Data Structures,20-Apr,9:00,
208,COMP 252,001,Honours Algorithms&Data Struct,30-Apr,9:00,DEPT
209,COMP 273,001,Intro to Computer Systems,24-Apr,14:00,
210,COMP 273,002,Intro to Computer Systems,24-Apr,14:00,
211,COMP 302,001,Programming Lang & Paradigms,22-Apr,18:30,
212,COMP 303,001,Software Design,27-Apr,9:00,
213,COMP 307,001,Principles of Web Development,22-Apr,14:00,
214,COMP 310,001,Operating Systems,20-Apr,18:30,
215,COURSE NUMBER,SECTION,TITLE,EXAM DATE,TIME,NOTE
216,COMP 360,001,Algorithm Design,23-Apr,18:30,
217,COMP 362,001,Honours Algorithm Design,28-Apr,18:30,
218,COMP 409,001,Concurrent Programming,29-Apr,14:00,
219,COMP 421,001,Database Systems,17-Apr,14:00,
220,COMP 424,001,Artificial Intelligence,30-Apr,14:00,
221,COMP 520,001,Compiler Design,21-Apr,14:00,
222,COMP 535,001,Computer Networks,24-Apr,14:00,DEPT
223,COMP 546,001,Computational Perception,22-Apr,18:30,
224,COMP 547,001,Cryptography & Data Security,29-Apr,14:00,
225,COMP 559,001,Fund. Computer Animation,22-Apr,9:00,
226,COMS 200,001,History of Communication,30-Apr,14:00,
227,COMS 230,001,Communication and Democracy,24-Apr,18:30,HOME
228,COMS 354,001,Media Studies of Crime,28-Apr,14:00,DEPT
229,COMS 501,001,Special Topics in Com St 2,17-Apr,9:00,HOME
230,EAST 220D2,001,First Level Korean,30-Apr,9:00,
231,EAST 220D2,002,First Level Korean,30-Apr,9:00,
232,EAST 230D2,001,First Level Chinese,30-Apr,14:00,
233,EAST 230D2,002,First Level Chinese,30-Apr,14:00,
234,EAST 230D2,003,First Level Chinese,30-Apr,14:00,
235,EAST 240D2,001,First Level Japanese,30-Apr,18:30,
236,EAST 240D2,002,First Level Japanese,30-Apr,18:30,
237,EAST 240D2,003,First Level Japanese,30-Apr,18:30,
238,EAST 242,001,Japanese Writing Beginners 2,22-Apr,14:00,DEPT
239,EAST 320D2,001,Second Level Korean,22-Apr,9:00,
240,EAST 330D2,001,Second Level Chinese,28-Apr,18:30,DEPT
241,EAST 330D2,002,Second Level Chinese,28-Apr,18:30,DEPT
242,EAST 340D2,001,Second Level Japanese,22-Apr,9:00,
243,EAST 340D2,002,Second Level Japanese,22-Apr,9:00,
244,EAST 342,001,Japanese Writing Intermed. 2,30-Apr,18:30,DEPT
245,EAST 430D2,001,Third Level Chinese,23-Apr,18:30,DEPT
246,EAST 440D2,001,Third Level Japanese,30-Apr,18:30,DEPT
247,EAST 540D2,001,Fourth Level Japanese,28-Apr,9:00,DEPT
248,ECON 208,001,Microeconomic Analysis&Applic,28-Apr,18:30,
249,ECON 209,001,Macroeconomic Analysis&Applic,23-Apr,14:00,
250,ECON 209,002,Macroeconomic Analysis&Applic,23-Apr,14:00,
251,COURSE NUMBER,SECTION,TITLE,EXAM DATE,TIME,NOTE
252,ECON 209,003,Macroeconomic Analysis&Applic,23-Apr,14:00,
253,ECON 219,001,Current Econ Problems:Topics,30-Apr,14:00,
254,ECON 227D2,001,Economic Statistics,20-Apr,18:30,
255,ECON 227D2,002,Economic Statistics,20-Apr,18:30,
256,ECON 227D2,003,Economic Statistics,20-Apr,18:30,
257,ECON 227D2,005,Economic Statistics,20-Apr,18:30,
258,ECON 230D2,001,Microeconomic Theory,28-Apr,9:00,
259,ECON 230D2,002,Microeconomic Theory,28-Apr,9:00,
260,ECON 250D2,001,Intro to Econ Theory: Honours,29-Apr,9:00,
261,ECON 257D2,001,Economic Statistics-Honours,22-Apr,18:30,
262,ECON 295,001,Macroeconomics Policy,23-Apr,9:00,
263,ECON 295,002,Macroeconomics Policy,23-Apr,9:00,
264,ECON 295,003,Macroeconomics Policy,23-Apr,9:00,
265,ECON 304,001,Financial Instruments & Inst.,30-Apr,9:00,
266,ECON 313,001,Economic Development 1,21-Apr,9:00,
267,ECON 314,001,Economic Development 2,24-Apr,14:00,
268,ECON 314,002,Economic Development 2,24-Apr,14:00,
269,ECON 330D2,001,Macroeconomic Theory,23-Apr,9:00,
270,ECON 330D2,002,Macroeconomic Theory,23-Apr,9:00,
271,ECON 334,001,History of Economic Doctrines,21-Apr,18:30,
272,ECON 338,001,Intro Econometrics 2,17-Apr,14:00,
273,ECON 348,001,Urban Economics,20-Apr,9:00,
274,ECON 352D2,001,Macroeconomics - Honours,23-Apr,9:00,
275,ECON 409,001,Public Sector Economics 2,17-Apr,9:00,
276,ECON 416,001,Topics in Econ Development 2,21-Apr,9:00,
277,ECON 424,001,International Payments,24-Apr,9:00,
278,ECON 447,001,Economics of Info&Uncertainty,27-Apr,9:00,
279,ECON 450,001,Adv Economic Theory 1-Honours,24-Apr,14:00,
280,ECON 454,001,Open Economy Macro - Honours,27-Apr,9:00,
281,ECON 469,001,Econometrics 2 - Honours,29-Apr,14:00,
282,ECON 473,001,Income Distribution,21-Apr,14:00,
283,ECSE 200,001,Electric Circuits 1,17-Apr,9:00,
284,ECSE 202,001,Intro to Software Development,28-Apr,9:00,
285,ECSE 205,001,Prob and Stats for Engineers,29-Apr,9:00,
286,ECSE 206,001,Intro to Signals and Systems,30-Apr,14:00,
287,COURSE NUMBER,SECTION,TITLE,EXAM DATE,TIME,NOTE
288,ECSE 210,001,Electric Circuits 2,17-Apr,9:00,
289,ECSE 222,001,Digital Logic,28-Apr,14:00,
290,ECSE 223,001,Model-Based Programming,21-Apr,9:00,
291,ECSE 251,001,Electric and Magnetic Fields,21-Apr,14:00,
292,ECSE 307,001,Linear Systems and Control,30-Apr,9:00,
293,ECSE 308,001,Intro to Commun Sys & Networks,23-Apr,14:00,
294,ECSE 309,001,Fund. of Comm Systems&Networks,23-Apr,14:00,
295,ECSE 310,001,Thermodynamics of Computing,28-Apr,18:30,
296,ECSE 316,001,Signals and Networks,20-Apr,9:00,
297,ECSE 321,001,Intro. to Software Engineering,27-Apr,14:00,
298,ECSE 324,001,Computer Organization,24-Apr,9:00,
299,ECSE 325,001,Digital Systems,24-Apr,14:00,
300,ECSE 331,001,Electronics,22-Apr,18:30,
301,ECSE 352,001,Electromagnetic Waves,20-Apr,9:00,
302,ECSE 354,001,Electromag Wave Propagation,20-Apr,9:00,
303,ECSE 361,001,Power Engineering,21-Apr,14:00,
304,ECSE 362,001,Fundamentals of Power Eng,21-Apr,14:00,
305,ECSE 405,001,Antennas,27-Apr,18:30,DEPT
306,ECSE 415,001,Intro to Computer Vision,27-Apr,14:00,
307,ECSE 422,001,Fault Tolerant Computing,17-Apr,9:00,
308,ECSE 425,001,Computer Architecture,20-Apr,14:00,
309,ECSE 427,001,Operating Systems,20-Apr,18:30,
310,ECSE 433,001,Phys Basis of Trans Devices,21-Apr,14:00,
311,ECSE 443,001,Intro Numerical Methods in EE,22-Apr,14:00,
312,ECSE 461,001,Electric Machinery,21-Apr,9:00,
313,ECSE 470,001,Electromechanical Systems,30-Apr,18:30,DEPT
314,ECSE 506,001,Stochastic Ctrl &Decision Thry,27-Apr,18:30,DEPT
315,ECSE 506,002,Stochastic Ctrl &Decision Thry,27-Apr,18:30,DEPT
316,ECSE 510,001,Filt. & Pred. for Stoch. Sys.,30-Apr,18:30,DEPT
317,ECSE 510,002,Filt. & Pred. for Stoch. Sys.,30-Apr,18:30,DEPT
318,ECSE 521,001,Digital Communications 1,30-Apr,18:30,DEPT
319,ECSE 521,002,Digital Communications 1,30-Apr,18:30,DEPT
320,ECSE 523,001,Speech Communications,17-Apr,9:00,DEPT
321,ECSE 523,002,Speech Communications,17-Apr,9:00,DEPT
322,ECSE 549,001,Expert Systems in Elec Design,30-Apr,18:30,DEPT
323,COURSE NUMBER,SECTION,TITLE,EXAM DATE,TIME,NOTE
324,ECSE 549,002,Expert Systems in Elec Design,30-Apr,18:30,DEPT
325,ECSE 562,001,Low-Carbon Power Gen. Eng.,28-Apr,18:30,DEPT
326,ECSE 562,002,Low-Carbon Power Gen. Eng.,28-Apr,18:30,DEPT
327,EDER 319,001,Teaching the Holocaust,23-Apr,9:00,HOME
328,EDKP 206,001,Biomechanics of Human Movement,28-Apr,9:00,
329,EDKP 208,001,Biomechanics & Motor Learning,27-Apr,14:00,
330,EDKP 342,001,Phys. Ed Methods,29-Apr,14:00,
331,EDKP 405,001,Sport in Society,22-Apr,18:30,
332,EDKP 446,001,Physical Activity and Ageing,30-Apr,9:00,
333,EDKP 448,001,Exercise and Health Psychology,24-Apr,9:00,
334,EDKP 448,002,Exercise and Health Psychology,24-Apr,9:00,
335,EDKP 449,001,Exercise Pathophysiology 2,27-Apr,18:30,
336,EDKP 485,001,Exercise Pathophysiology 1,21-Apr,14:00,
337,EDPE 208,001,Personality&Social Development,21-Apr,9:00,
338,EDPE 208,002,Personality&Social Development,21-Apr,9:00,
339,EDPE 377,001,Adolescence and Education,24-Apr,14:00,
340,EDPE 377,002,Adolescence and Education,24-Apr,14:00,
341,EDPE 575,720,Statistics for Practitioners,30-Apr,14:00,DEPT
342,ENGL 201,001,Survey of English Lit 2,20-Apr,14:00,
343,ENGL 203,001,Dept. Survey of English Lit. 2,23-Apr,14:00,
344,ENGL 225,001,American Literature 1,28-Apr,9:00,
345,ENGL 227,001,American Literature 3,27-Apr,9:00,
346,ENGL 280,001,Intro to Film as Mass Medium,29-Apr,9:00,
347,ENGL 308,001,English Renaissance Drama 1,27-Apr,14:00,
348,ENGL 315,001,Shakespeare,22-Apr,9:00,
349,ENGL 324,001,20th C American Prose,17-Apr,9:00,HOME
350,ENGL 328,001,Dvlpmnt of Canadian Poetry 1,29-Apr,9:00,DEPT
351,ENGL 331,001,Literature Romantic Period 1,22-Apr,14:00,HOME
352,ENGL 346,001,Materiality&Sociology of Text,17-Apr,9:00,HOME
353,ENGL 347,001,Great Writings of Europe 1,17-Apr,14:00,HOME
354,ENGL 355,001,The Poetics of Performance,17-Apr,9:00,HOME
355,ENGL 357,001,Chaucer-Canterbury Tales,23-Apr,14:00,HOME
356,ENGL 381,001,A Film-Maker 1,24-Apr,14:00,
357,ENGL 382,001,International Cinema 1,20-Apr,9:00,HOME
358,ENGL 415,001,Studies in 20th C Lit 2,22-Apr,18:30,HOME
359,COURSE NUMBER,SECTION,TITLE,EXAM DATE,TIME,NOTE
360,ENTO 352,001,Biocontrol of Pest Insects,29-Apr,9:00,MAC
361,ENVB 305,001,Population & Community Ecology,28-Apr,9:00,MAC
362,ENVR 202,001,The Evolving Earth,20-Apr,18:30,
363,ENVR 202,051,The Evolving Earth,29-Apr,9:00,MAC
364,ENVR 203,001,"Knowledge, Ethics&Environment",22-Apr,9:00,
365,EPSC 180,001,The Terrestrial Planets,23-Apr,18:30,
366,EPSC 181,001,Environmental Geology,22-Apr,14:00,
367,EPSC 201,001,Understanding Planet Earth,24-Apr,14:00,
368,EPSC 212,001,Introductory Petrology,27-Apr,18:30,DEPT
369,EPSC 423,001,Igneous Petrology,17-Apr,14:00,DEPT
370,EPSC 542,001,Chemical Oceanography,20-Apr,18:30,DEPT
371,EPSC 548,001,Processes of Igneous Petrology,30-Apr,18:30,DEPT
372,EPSC 549,001,Hydrogeology,23-Apr,14:00,
373,ESYS 104,001,The Earth System,28-Apr,9:00,
374,ESYS 200,001,Earth System Processes,17-Apr,14:00,DEPT
375,EXMD 401,001,Physiol&Biochem Endocrin Sys,27-Apr,14:00,
376,EXMD 503,001,Advanced Endocrinology 02,21-Apr,14:00,
377,EXMD 508,001,Adv Topics in Respiration,20-Apr,9:00,DEPT
378,FACC 100,001,Intro to the Eng. Profession,27-Apr,9:00,
379,FACC 100,002,Intro to the Eng. Profession,27-Apr,9:00,
380,FACC 300,001,Engineering Economy,30-Apr,9:00,
381,FACC 300,002,Engineering Economy,30-Apr,9:00,
382,FACC 400,001,Eng Professional Practice,29-Apr,9:00,
383,FACC 400,002,Eng Professional Practice,29-Apr,9:00,
384,FDSC 230,001,Organic Chemistry,27-Apr,9:00,MAC
385,FDSC 233,001,Physical Chemistry,30-Apr,14:00,MAC
386,FDSC 251,001,Food Chemistry 1,21-Apr,9:00,MAC
387,FDSC 315,001,Separation Tech in Food Anal 1,20-Apr,9:00,MAC
388,FDSC 334,001,Anal of Food Toxins&Toxicants,23-Apr,9:00,MAC
389,FDSC 400,001,Food Packaging,30-Apr,9:00,MAC
390,FDSC 516,001,Flavour Chemistry,17-Apr,9:00,MAC
391,FDSC 525,001,Food Quality Assurance,27-Apr,14:00,MAC
392,FDSC 536,001,Food Traceability,29-Apr,9:00,MAC
393,FDSC 634,001,Food Toxins & Toxicants,23-Apr,9:00,MAC
394,FDSC 652,001,Separation Tech in Food Anal 2,20-Apr,9:00,MAC
395,COURSE NUMBER,SECTION,TITLE,EXAM DATE,TIME,NOTE
396,FINE 342,001,Corporate Finance,20-Apr,14:00,
397,FINE 342,002,Corporate Finance,20-Apr,14:00,
398,FINE 342,003,Corporate Finance,20-Apr,14:00,
399,FINE 434,001,Topics in Finance 1,17-Apr,9:00,
400,FINE 434,002,Topics in Finance 1,17-Apr,9:00,
401,FINE 434,003,Topics in Finance 1,17-Apr,9:00,
402,FINE 434,004,Topics in Finance 1,17-Apr,9:00,
403,FINE 434,005,Topics in Finance 1,17-Apr,9:00,
404,FINE 441,001,Investment Management,21-Apr,14:00,
405,FINE 441,002,Investment Management,21-Apr,14:00,
406,FINE 441,003,Investment Management,21-Apr,14:00,
407,FINE 441,004,Investment Management,21-Apr,14:00,
408,FINE 442,001,Capital Markets & Institutions,24-Apr,14:00,
409,FINE 442,002,Capital Markets & Institutions,24-Apr,14:00,
410,FINE 443,001,Applied Corporate Finance,20-Apr,14:00,
411,FINE 443,002,Applied Corporate Finance,20-Apr,14:00,
412,FINE 443,003,Applied Corporate Finance,20-Apr,14:00,
413,FINE 446,051,Behavioural Finance,23-Apr,18:30,
414,FINE 447,001,Venture Capital & Ent Finance,22-Apr,18:30,
415,FINE 447,002,Venture Capital & Ent Finance,22-Apr,18:30,
416,FINE 448,001,Financial Derivatives,29-Apr,18:30,
417,FINE 448,002,Financial Derivatives,29-Apr,18:30,
418,FINE 451,001,Fixed Income Analysis,23-Apr,14:00,
419,FINE 451,002,Fixed Income Analysis,23-Apr,14:00,
420,FINE 451,003,Fixed Income Analysis,23-Apr,14:00,
421,FINE 482,001,International Finance 1,30-Apr,18:30,
422,FINE 482,002,International Finance 1,30-Apr,18:30,
423,FMT4 008,001,Animal Genetics and Nutrition,22-Apr,14:00,MAC
424,FMT4 009,001,Soil Fertility,24-Apr,9:00,MAC
425,FMT4 011,001,Farm Accounting,30-Apr,9:00,MAC
426,FMT4 012,001,Machinery Maintenance,28-Apr,9:00,MAC
427,FMT4 016,001,Budgeting and Administration,29-Apr,9:00,MAC
428,FMT4 017,001,Agricultural Systems,27-Apr,9:00,MAC
429,FMT4 024,001,Farm Building Development,23-Apr,14:00,MAC
430,FMT4 026,001,Human Resources,28-Apr,9:00,MAC
431,COURSE NUMBER,SECTION,TITLE,EXAM DATE,TIME,NOTE
432,FMT4 029,001,Dairy Performance Management,30-Apr,14:00,MAC
433,FMT4 030,001,Swine and Poultry Management,22-Apr,14:00,MAC
434,FMT4 034,001,Greenhouse Crop Production,28-Apr,9:00,MAC
435,FMTP 098,001,Français agricole,24-Apr,9:00,MAC
436,FREN 335,001,Théories littéraires 1,24-Apr,14:00,DEPT
437,FREN 444,001,Questions de litt. moderne,28-Apr,18:30,
438,FREN 459,001,La litt du 18e siècle 2,23-Apr,18:30,DEPT
439,FREN 482,001,La littérature du 19e siècle 2,17-Apr,9:00,HOME
440,FREN 485,001,Litt. française contemporaine,30-Apr,18:30,
441,FRSL 102,001,Beginners French 2,17-Apr,9:00,DEPT
442,FRSL 102,002,Beginners French 2,17-Apr,9:00,DEPT
443,FRSL 102,003,Beginners French 2,17-Apr,9:00,DEPT
444,FRSL 102,004,Beginners French 2,17-Apr,9:00,DEPT
445,FRSL 102,005,Beginners French 2,17-Apr,9:00,DEPT
446,FRSL 102,006,Beginners French 2,17-Apr,9:00,DEPT
447,FRSL 102,007,Beginners French 2,17-Apr,9:00,DEPT
448,FRSL 102,008,Beginners French 2,17-Apr,9:00,DEPT
449,GEOG 205,001,"Global Chg:Past, Pres & Future",27-Apr,18:30,
450,GEOG 217,001,Cities in the Modern World,29-Apr,14:00,
451,GEOG 303,001,Health Geography,22-Apr,18:30,
452,GEOG 311,001,Economic Geography,30-Apr,9:00,
453,GEOG 322,001,Environmental Hydrology,27-Apr,18:30,
454,GEOG 325,001,New Master-Planned Cities,20-Apr,14:00,DEPT
455,GEOG 351,001,Quantitative Methods,21-Apr,14:00,DEPT
456,GEOG 360,001,Analyzing Sustainability,21-Apr,18:30,HOME
457,GEOG 384,001,Principles of Geospatial Web,17-Apr,9:00,DEPT
458,GEOG 407,001,Issues in Geography,21-Apr,18:30,HOME
459,GEOG 420,001,"Memory, Place, and Power",30-Apr,9:00,
460,GERM 200,001,German Lang Intens Beginners,24-Apr,14:00,
461,GERM 200,002,German Lang Intens Beginners,24-Apr,14:00,
462,GERM 202D2,001,"German Language, Beginners",27-Apr,18:30,
463,GERM 202D2,002,"German Language, Beginners",27-Apr,18:30,
464,GERM 202D2,003,"German Language, Beginners",27-Apr,18:30,
465,GERM 202D2,004,"German Language, Beginners",27-Apr,18:30,
466,GSFS 405,001,Social Justice and Activism,23-Apr,14:00,HOME
467,COURSE NUMBER,SECTION,TITLE,EXAM DATE,TIME,NOTE
468,HGEN 400,001,Genetics in Medicine,20-Apr,14:00,
469,HISP 210D2,001,Spanish Language:Beginners,30-Apr,9:00,
470,HISP 210D2,002,Spanish Language:Beginners,30-Apr,9:00,
471,HISP 210D2,003,Spanish Language:Beginners,30-Apr,9:00,
472,HISP 210D2,004,Spanish Language:Beginners,30-Apr,9:00,
473,HISP 210D2,005,Spanish Language:Beginners,30-Apr,9:00,
474,HISP 210D2,006,Spanish Language:Beginners,30-Apr,9:00,
475,HISP 218,001,Spanish Lang Intens-Elem,30-Apr,9:00,
476,HISP 218,002,Spanish Lang Intens-Elem,30-Apr,9:00,
477,HISP 219,001,Spanish Lang Intens-Intermed,30-Apr,9:00,
478,HISP 219,002,Spanish Lang Intens-Intermed,30-Apr,9:00,
479,HISP 220D2,001,Spanish Language:Intermediate,30-Apr,9:00,
480,HISP 220D2,002,Spanish Language:Intermediate,30-Apr,9:00,
481,HISP 220D2,003,Spanish Language:Intermediate,30-Apr,9:00,
482,HISP 220D2,004,Spanish Language:Intermediate,30-Apr,9:00,
483,HISP 220D2,005,Spanish Language:Intermediate,30-Apr,9:00,
484,HISP 226,001,Hispanic Civilization 2,21-Apr,14:00,
485,HISP 244,001,Survey of Lat Amer Lit&Cult2,28-Apr,14:00,
486,HISP 328,001,Lit of Ideas: Latin America,29-Apr,14:00,
487,HIST 203,001,Survey:Canada since 1867,21-Apr,14:00,
488,HIST 203,002,Survey:Canada since 1867,21-Apr,14:00,
489,HIST 213,001,"World History, 600-2000",27-Apr,14:00,HOME
490,HIST 215,001,Modern Europe,20-Apr,14:00,
491,HIST 218,001,Modern East Asian History,29-Apr,18:30,
492,HIST 221,001,United States since 1865,20-Apr,9:00,
493,HIST 304,001,IR History 2: Cold War,17-Apr,14:00,HOME
494,HIST 306,001,"East Central Europe, 1944-2004",28-Apr,9:00,
495,HIST 312,001,Hist of Consumption in Canada,28-Apr,18:30,
496,HIST 329,001,History of Yugoslavia,24-Apr,14:00,
497,HIST 330,001,Themes in Canadian History,17-Apr,14:00,HOME
498,HIST 351,001,Themes in U.S. History s. 1865,24-Apr,9:00,
499,HIST 360,001,Latin America since 1825,22-Apr,14:00,HOME
500,HIST 375,001,Rome: Republic to Empire,27-Apr,18:30,
501,HIST 382,001,History of South Africa,27-Apr,14:00,HOME
502,HIST 383,001,Eighteenth-Century Britain,23-Apr,14:00,HOME
503,COURSE NUMBER,SECTION,TITLE,EXAM DATE,TIME,NOTE
504,HIST 388,001,The Second World War,30-Apr,14:00,
505,HIST 401,001,Topics:Medieval Culture&Soc,24-Apr,14:00,HOME
506,HIST 417,001,British and Irish Nationalisms,29-Apr,14:00,
507,HIST 421,001,Topics in Early Modern Europe,23-Apr,14:00,HOME
508,IGFS 611,001,Adv. Issues on Dev. Food&Agric,30-Apr,14:00,MAC
509,INDG 202,001,Topics in Indigenous Studies 1,21-Apr,14:00,HOME
510,INDR 294,001,Intro to Labour-Mgmt Relations,29-Apr,18:30,
511,INSY 333,001,Systems Analysis & Modelling,27-Apr,14:00,
512,INSY 336,001,DataHandl&Coding for Analytics,22-Apr,14:00,DEPT
513,INSY 336,002,DataHandl&Coding for Analytics,22-Apr,14:00,DEPT
514,INSY 341,001,Developing Business Apps,22-Apr,9:00,
515,INSY 437,001,Managing Data & Databases,21-Apr,9:00,
516,INSY 446,001,DataMiningforBusinessAnalytics,28-Apr,9:00,
517,INSY 448,001,Text & Social Media Analytics,17-Apr,18:30,HOME
518,INTD 200,001,Intro to Int'l Development,22-Apr,14:00,HOME
519,INTD 354,001,Civil Society and Development,22-Apr,14:00,HOME
520,INTG 202,061,Integrated Mgmt Essentials 2,23-Apr,14:00,
521,ISLA 210,001,Muslim Societies,28-Apr,9:00,DEPT
522,ISLA 330,001,Islamic Mysticism: Sufism,20-Apr,9:00,HOME
523,ISLA 360,001,Islam and Politics,17-Apr,14:00,HOME
524,ISLA 383,001,Central Questions-Islamic Law,17-Apr,18:30,HOME
525,ISLA 495,001,WI&MES Research Seminar,27-Apr,18:30,HOME
526,ISLA 521D2,001,Introductory Arabic,27-Apr,18:30,
527,ISLA 521D2,002,Introductory Arabic,27-Apr,18:30,
528,ISLA 521D2,003,Introductory Arabic,27-Apr,18:30,
529,ISLA 522D2,001,Lower Intermediate Arabic,30-Apr,9:00,
530,ISLA 522D2,002,Lower Intermediate Arabic,30-Apr,9:00,
531,ISLA 523D2,002,Higher Intermediate Arabic,27-Apr,9:00,DEPT
532,ISLA 532D2,001,Introductory Turkish,30-Apr,18:30,DEPT
533,ISLA 533D2,001,Lower Intermediate Turkish,30-Apr,18:30,DEPT
534,ISLA 534D2,001,Higher Intermediate Turkish,29-Apr,14:00,DEPT
535,ISLA 541D2,001,Introductory Persian,23-Apr,14:00,DEPT
536,ISLA 542D2,001,Lower Intermediate Persian,29-Apr,18:30,DEPT
537,ISLA 544,001,Upper Intermediate Persian 2,27-Apr,18:30,DEPT
538,ITAL 205D2,001,Italian for Beginners,21-Apr,9:00,
539,COURSE NUMBER,SECTION,TITLE,EXAM DATE,TIME,NOTE
540,ITAL 205D2,002,Italian for Beginners,21-Apr,9:00,
541,ITAL 205D2,003,Italian for Beginners,21-Apr,9:00,
542,ITAL 206,001,Beginners Italian Intensive,30-Apr,9:00,
543,ITAL 206,002,Beginners Italian Intensive,30-Apr,9:00,
544,ITAL 210D2,001,Italian for Adv. Beginners,21-Apr,14:00,DEPT
545,ITAL 215D2,001,Intermediate Italian,23-Apr,18:30,DEPT
546,ITAL 216,001,Intermediate Italian Intensive,24-Apr,14:00,DEPT
547,JWST 240,001,The Holocaust,17-Apr,9:00,HOME
548,LING 201,001,Introduction to Linguistics,30-Apr,9:00,
549,LING 215,001,Languages of the World,27-Apr,18:30,HOME
550,LING 330,001,Phonetics,24-Apr,9:00,
551,LING 350,001,Ling Aspects of Bilingualism,27-Apr,9:00,
552,LING 355,001,Language Acquisition 1,23-Apr,14:00,
553,LING 371,001,Syntax 1,17-Apr,14:00,
554,LING 451,001,Acquisition of Phonology,24-Apr,14:00,DEPT
555,LSCI 202,001,Molecular Cell Biology,24-Apr,9:00,MAC
556,LSCI 211,001,Biochemistry 1,20-Apr,14:00,MAC
557,LSCI 230,001,Introductory Microbiology,22-Apr,9:00,MAC
558,MATH 111,001,Math for Education Students,24-Apr,14:00,
559,MATH 122,001,Calculus for Management,22-Apr,9:00,
560,MATH 123,001,Linear Algebra and Probability,20-Apr,14:00,
561,MATH 133,001,Linear Algebra and Geometry,21-Apr,9:00,
562,MATH 140,001,Calculus 1,20-Apr,9:00,
563,MATH 141,001,Calculus 2,21-Apr,18:30,
564,MATH 141,002,Calculus 2,21-Apr,18:30,
565,MATH 141,003,Calculus 2,21-Apr,18:30,
566,MATH 151,001,Calculus B,21-Apr,18:30,
567,MATH 203,001,Principles of Statistics 1,23-Apr,9:00,
568,MATH 204,001,Principles of Statistics 2,20-Apr,14:00,
569,MATH 222,001,Calculus 3,30-Apr,14:00,
570,MATH 223,001,Linear Algebra,21-Apr,9:00,
571,MATH 236,001,Algebra 2,21-Apr,9:00,
572,MATH 240,001,Discrete Structures,22-Apr,9:00,
573,MATH 240,002,Discrete Structures,22-Apr,9:00,
574,MATH 243,001,Analysis 2,22-Apr,9:00,
575,COURSE NUMBER,SECTION,TITLE,EXAM DATE,TIME,NOTE
576,MATH 247,001,Honours Applied Linear Algebra,22-Apr,14:00,
577,MATH 249,001,Honours Complex Variables,20-Apr,18:30,
578,MATH 251,001,Honours Algebra 2,17-Apr,9:00,
579,MATH 255,001,Honours Analysis 2,28-Apr,14:00,
580,MATH 262,001,Intermediate Calculus,24-Apr,14:00,
581,MATH 263,001,ODEs for Engineers,22-Apr,14:00,
582,MATH 263,002,ODEs for Engineers,22-Apr,14:00,
583,MATH 264,001,Adv Calculus for Engineers,20-Apr,9:00,
584,MATH 314,001,Advanced Calculus,29-Apr,18:30,
585,MATH 315,001,Ordinary Differential Eqns,21-Apr,18:30,
586,MATH 319,001,Intro to Partial Diff Equas,17-Apr,9:00,
587,MATH 323,001,Probability,28-Apr,14:00,
588,MATH 323,002,Probability,28-Apr,14:00,
589,MATH 324,001,Statistics,27-Apr,18:30,
590,MATH 325,001,Honours ODE's,17-Apr,14:00,
591,MATH 329,001,Theory of Interest,24-Apr,9:00,
592,MATH 340,001,Discrete Mathematics,28-Apr,9:00,
593,MATH 357,001,Honours Statistics,21-Apr,18:30,
594,MATH 358,001,Honours Advanced Calculus,23-Apr,18:30,DEPT
595,MATH 387,001,Honours Numerical Analysis,29-Apr,9:00,
596,MATH 430,001,Mathematical Finance,30-Apr,14:00,
597,MATH 437,001,Mathematical Meth in Biology,27-Apr,14:00,
598,MATH 447,001,Intro. to Stochastic Processes,30-Apr,18:30,
599,MATH 455,001,Honours Analysis 4,27-Apr,14:00,
600,MATH 457,001,Honours Algebra 4,23-Apr,14:00,
601,MATH 458,001,Honours Differential Geometry,22-Apr,18:30,DEPT
602,MATH 523,001,Generalized Linear Models,23-Apr,14:00,
603,MATH 537,001,Honours Math Models in Biology,27-Apr,14:00,
604,MATH 545,001,Intro to Time Series Analysis,20-Apr,14:00,
605,MATH 550,001,Combinatorics,27-Apr,9:00,HOME
606,MATH 557,001,Mathematical Statistics 2,30-Apr,18:30,
607,MATH 560,001,Optimization,28-Apr,18:30,
608,MATH 565,001,Advanced Real Analysis 2,24-Apr,9:00,HOME
609,MATH 571,001,Higher Algebra 2,29-Apr,18:30,DEPT
610,MATH 577,001,Geometry & Topology 2,17-Apr,14:00,DEPT
611,COURSE NUMBER,SECTION,TITLE,EXAM DATE,TIME,NOTE
612,MATH 589,001,Advanced Probability Theory 2,29-Apr,18:30,DEPT
613,MECH 210,001,Mechanics 1,24-Apr,9:00,
614,MECH 220,001,Mechanics 2,24-Apr,9:00,
615,MECH 240,001,Thermodynamics 1,29-Apr,18:30,
616,MECH 261,001,Measurement Laboratory,28-Apr,9:00,
617,MECH 262,001,Statistics and Measurement Lab,28-Apr,9:00,
618,MECH 309,001,Numerical Methods in Mech Eng,30-Apr,18:30,
619,MECH 314,001,Dynamics of Mechanisms,27-Apr,18:30,
620,MECH 315,001,Mechanics 3,21-Apr,14:00,
621,MECH 321,001,Mechanics of Deformable Solids,17-Apr,9:00,
622,MECH 331,001,Fluid Mechanics 1,22-Apr,9:00,
623,MECH 341,001,Thermodynamics 2,20-Apr,9:00,
624,MECH 346,001,Heat Transfer,22-Apr,18:30,
625,MECH 360,001,Principles of Manufacturing,27-Apr,14:00,
626,MECH 383,001,Appl Electronics&Instrumentn,28-Apr,9:00,
627,MECH 412,001,System Dynamics and Control,23-Apr,14:00,
628,MECH 419,001,Advanced Mechanics of Systems,21-Apr,9:00,DEPT
629,MECH 430,001,Fluid Mechanics 2,24-Apr,14:00,
630,MECH 513,001,Control Systems,23-Apr,14:00,DEPT
631,MECH 513,002,Control Systems,23-Apr,14:00,DEPT
632,MECH 524,001,Compu Integrated Manufacturing,17-Apr,14:00,DEPT
633,MECH 524,002,Compu Integrated Manufacturing,17-Apr,14:00,DEPT
634,MECH 532,001,"Aircraft Perform,Stablty&Cntl",17-Apr,9:00,
635,MECH 532,002,"Aircraft Perform,Stablty&Cntl",17-Apr,9:00,
636,MECH 561,001,Biomech of Musculoskeletal Sys,20-Apr,14:00,
637,MECH 561,002,Biomech of Musculoskeletal Sys,20-Apr,14:00,
638,MECH 563,001,Biofluids&Cardiovascular Mech,27-Apr,14:00,
639,MGCR 211,001,Intro to Financial Accounting,22-Apr,14:00,
640,MGCR 211,002,Intro to Financial Accounting,22-Apr,14:00,
641,MGCR 211,003,Intro to Financial Accounting,22-Apr,14:00,
642,MGCR 222,001,Intro to Org Behaviour,24-Apr,9:00,
643,MGCR 222,002,Intro to Org Behaviour,24-Apr,9:00,
644,MGCR 222,003,Intro to Org Behaviour,24-Apr,9:00,
645,MGCR 222,004,Intro to Org Behaviour,24-Apr,9:00,
646,MGCR 222,005,Intro to Org Behaviour,24-Apr,9:00,
647,COURSE NUMBER,SECTION,TITLE,EXAM DATE,TIME,NOTE
648,MGCR 222,006,Intro to Org Behaviour,24-Apr,9:00,
649,MGCR 271,001,Business Statistics,29-Apr,18:30,
650,MGCR 271,002,Business Statistics,29-Apr,18:30,
651,MGCR 293,001,Managerial Economics,30-Apr,18:30,
652,MGCR 293,002,Managerial Economics,30-Apr,18:30,
653,MGCR 331,001,Information Systems,27-Apr,9:00,
654,MGCR 331,002,Information Systems,27-Apr,9:00,
655,MGCR 331,003,Information Systems,27-Apr,9:00,
656,MGCR 331,004,Information Systems,27-Apr,9:00,
657,MGCR 341,001,Introduction to Finance,21-Apr,14:00,
658,MGCR 341,002,Introduction to Finance,21-Apr,14:00,
659,MGCR 341,003,Introduction to Finance,21-Apr,14:00,
660,MGCR 352,001,Principles of Marketing,17-Apr,14:00,
661,MGCR 352,002,Principles of Marketing,17-Apr,14:00,
662,MGCR 352,003,Principles of Marketing,17-Apr,14:00,
663,MGCR 352,004,Principles of Marketing,17-Apr,14:00,
664,MGCR 352,005,Principles of Marketing,17-Apr,14:00,
665,MGCR 352,006,Principles of Marketing,17-Apr,14:00,
666,MGCR 352,007,Principles of Marketing,17-Apr,14:00,
667,MGCR 382,001,International Business,20-Apr,9:00,
668,MGCR 382,002,International Business,20-Apr,9:00,
669,MGCR 423,001,Strategic Management,28-Apr,14:00,
670,MGCR 423,002,Strategic Management,28-Apr,14:00,
671,MGCR 423,003,Strategic Management,28-Apr,14:00,
672,MGCR 423,004,Strategic Management,28-Apr,14:00,
673,MGCR 472,001,Operations Management,29-Apr,9:00,
674,MGCR 472,002,Operations Management,29-Apr,9:00,
675,MGCR 472,003,Operations Management,29-Apr,9:00,
676,MGCR 472,004,Operations Management,29-Apr,9:00,
677,MGCR 472,005,Operations Management,29-Apr,9:00,
678,MGCR 472,006,Operations Management,29-Apr,9:00,
679,MGPO 469,001,Managing Globalization,29-Apr,14:00,
680,MGPO 469,002,Managing Globalization,29-Apr,14:00,
681,MGSC 372,001,Advanced Business Statistics,28-Apr,9:00,
682,MGSC 372,002,Advanced Business Statistics,28-Apr,9:00,
683,COURSE NUMBER,SECTION,TITLE,EXAM DATE,TIME,NOTE
684,MICR 331,001,Microbial Ecology,27-Apr,14:00,MAC
685,MIME 209,001,Mathematical Applications,23-Apr,14:00,
686,MIME 212,001,Engineering Thermodynamics,30-Apr,18:30,
687,MIME 260,001,Materials Science&Engineering,17-Apr,14:00,
688,MIME 262,001,Prop.Materials in Elec. Eng.,20-Apr,14:00,
689,MIME 311,001,Modelling&Automatic Control,27-Apr,14:00,
690,MIME 322,001,Rock Fragmentation,27-Apr,18:30,
691,MIME 323,001,Rock and Soil Mass Character,29-Apr,14:00,
692,MIME 325,001,Mineral Industry Economics,30-Apr,18:30,
693,MIME 333,001,Materials Handling,28-Apr,9:00,
694,MIME 341,001,Intro to Mineral Processing,24-Apr,14:00,
695,MIME 442,001,"Anal,Mod&Opt in Min Processing",24-Apr,14:00,DEPT
696,MIME 452,001,Process and Materials Design,17-Apr,9:00,ORAL
697,MIME 455,001,Advanced Process Engineering,22-Apr,14:00,
698,MIME 456,001,Steelmaking & Steel Processing,20-Apr,14:00,
699,MIME 473,001,Intro to Comp Matls Design,22-Apr,9:00,ORAL
700,MIME 526,001,Mineral Economics,30-Apr,18:30,
701,MIME 569,001,Electron Beam Analysis of Mtls,30-Apr,18:30,DEPT
702,MIME 569,002,Electron Beam Analysis of Mtls,30-Apr,18:30,DEPT
703,MIME 576,001,Adv Steelmaking & Processing,20-Apr,14:00,
704,MIMM 214,001,Intro Immun: Elem of Immunity,28-Apr,9:00,
705,MIMM 314,001,Intermediate Immunology,30-Apr,18:30,
706,MIMM 387,001,The Business of Science,21-Apr,14:00,DEPT
707,MIMM 413,001,Parasitology,24-Apr,14:00,
708,MIMM 466,001,Viral Pathogenesis,17-Apr,14:00,
709,MRKT 438,002,Brand Management,23-Apr,9:00,DEPT
710,MRKT 453,001,Advertising and Media,27-Apr,18:30,
711,MUAR 201,001,Basic Materials:Western Mus,27-Apr,14:00,DEPT
712,MUAR 201,002,Basic Materials:Western Mus,27-Apr,14:00,DEPT
713,MUAR 211,001,The Art of Listening,30-Apr,18:30,DEPT
714,MUAR 392,001,Popular Music after 1945,30-Apr,18:30,DEPT
715,MUAR 393,001,Intro to Jazz,27-Apr,9:00,DEPT
716,MUAR 399,001,Music and Queer Identity,23-Apr,9:00,DEPT
717,MUHL 286,001,Critical Thinking About Music,27-Apr,9:00,DEPT
718,MUHL 377,001,Baroque Opera,28-Apr,14:00,DEPT
719,COURSE NUMBER,SECTION,TITLE,EXAM DATE,TIME,NOTE
720,MUIT 202,001,Woodwind Techniques,20-Apr,9:00,WRITTEN
721,MUIT 202,001P,Woodwind Techniques,20-Apr,14:00,PRACTICAL
722,MUIT 204,001,Percussion Techniques,30-Apr,18:30,DEPT
723,MUMT 250,001,Music Perception and Cognition,17-Apr,9:00,DEPT
724,MUSP 124,001,Jazz Ear Training 2,27-Apr,9:00,DEPT
725,MUSP 124,002,Jazz Ear Training 2,27-Apr,9:00,DEPT
726,MUTH 151,001,Theory and Analysis 2,29-Apr,18:30,DEPT
727,NEUR 310,001,Cellular Neurobiology,17-Apr,9:00,
728,NEUR 550,001,Free Radical Biomedicine,28-Apr,18:30,DEPT
729,NSCI 201,001,Intro. to Neuroscience 2,29-Apr,9:00,
730,NUR1 210,001,Pathophysiology for Nursing 2,30-Apr,18:30,
731,NUR1 236,001,Health & Physical Assess/Anat2,21-Apr,14:00,
732,NUR1 301,001,Pharmacology for Nursing 2,27-Apr,14:00,
733,NUR1 311,001,Infection Prevention & Control,24-Apr,14:00,
734,NUR1 324,001,Illness Management 2,30-Apr,18:30,
735,NUR1 326,002,"Acute,Chron&Pall Hlth Chall 2",21-Apr,18:30,
736,NUR1 326,003,"Acute,Chron&Pall Hlth Chall 2",21-Apr,18:30,
737,NUR1 326,004,"Acute,Chron&Pall Hlth Chall 2",21-Apr,18:30,
738,NUR1 339,001,Appl Hlth&Phys Assessmt/Anat 2,29-Apr,18:30,
739,NUR2 501,001,Integrated Health Sciences 2,30-Apr,18:30,DEPT
740,NUR2 535,001,Health Assessment/Anatomy 2,29-Apr,18:30,
741,NUR2 634,001,Clin. Assess. & Therapeutics 2,30-Apr,18:30,
742,NUTR 217,001,Application: Food Fundamentals,30-Apr,9:00,MAC
743,NUTR 301,001,Psychology,28-Apr,14:00,MAC
744,NUTR 337,001,Nutrition Through Life,21-Apr,14:00,MAC
745,NUTR 343,001,Accounting and Cost Control,23-Apr,9:00,MAC
746,NUTR 344,001,Clinical Nutrition 1,23-Apr,9:00,MAC
747,NUTR 551,001,Analysis of Nutrition Data,28-Apr,14:00,MAC
748,NUTR 604,001,Integrated Metabolic Research,24-Apr,17:00,MAC HOME
749,ORGB 330,001,People Analytics,24-Apr,9:00,
750,PARA 410,001,Environment and Infection,20-Apr,16:00,MAC HOME
751,PATH 300,001,Human Disease,20-Apr,9:00,
752,PHAR 201,001,Introduction to Pharmacology 2,30-Apr,14:00,DEPT
753,PHAR 301,001,Drugs and Disease,27-Apr,9:00,
754,PHAR 303,001,Principles of Toxicology,29-Apr,9:00,
755,COURSE NUMBER,SECTION,TITLE,EXAM DATE,TIME,NOTE
756,PHAR 563,001,Endocrine Pharmacology,24-Apr,9:00,
757,PHAR 565,001,Epigenetic Drugs and Targets,20-Apr,14:00,DEPT
758,PHGY 210,001,Mammalian Physiology 2,20-Apr,18:30,
759,PHGY 210,002,Mammalian Physiology 2,20-Apr,18:30,
760,PHGY 213,001,Introductory Physiology Lab 2,17-Apr,9:00,
761,PHGY 312,001,"Resp.,Renal,&Cardio Physiology",24-Apr,9:00,
762,PHGY 313,001,"Blood,GI,Imm.Syst.Physiol",30-Apr,14:00,
763,PHGY 502,001,Exercise Physiology,29-Apr,18:30,
764,PHGY 516,001,Physiology of Blood,21-Apr,9:00,DEPT
765,PHIL 237,001,Contemporary Moral Issues,17-Apr,9:00,HOME
766,PHIL 310,001,Intermediate Logic,24-Apr,18:30,HOME
767,PHIL 345,001,Greek Political Theory,22-Apr,18:30,DEPT
768,PHIL 361,001,18th Century Philosophy,17-Apr,9:00,HOME
769,PHIL 411,001,Topics in Phil of Logic & Math,30-Apr,18:30,HOME
770,PHIL 415,001,Philosophy of Language,24-Apr,18:30,HOME
771,PHYS 102,001,Intro Physics-Electromagnetism,29-Apr,18:30,
772,PHYS 142,001,Electromagnetism & Optics,20-Apr,18:30,
773,PHYS 181,001,Everyday Physics,27-Apr,14:00,
774,PHYS 183,001,The Milky Way Inside and Out,28-Apr,14:00,
775,PHYS 228,001,Energy and the Environment,23-Apr,14:00,DEPT
776,PHYS 232,001,Heat and Waves,28-Apr,9:00,DEPT
777,PHYS 241,001,Signal Processing,27-Apr,14:00,
778,PHYS 319,001,Introduction to Biophysics,24-Apr,14:00,
779,PHYS 329,001,Stat Physics w/ Biophys Appl,22-Apr,18:30,DEPT
780,PHYS 331,001,Topics in Classical Mechanics,20-Apr,14:00,
781,PHYS 333,001,Thermal & Statistical Physics,21-Apr,18:30,DEPT
782,PHYS 342,001,Majors Electromagnetic Waves,17-Apr,9:00,
783,PHYS 351,001,Honours Classical Mechanics 2,21-Apr,18:30,
784,PHYS 362,001,Statistical Mechanics,29-Apr,14:00,
785,PHYS 447,001,Applications of Quantum Mech.,30-Apr,18:30,
786,PHYS 457,001,Honours Quantum Physics 2,30-Apr,18:30,
787,PHYS 514,001,General Relativity,17-Apr,9:00,HOME
788,PHYS 562,001,Electromagnetic Theory,29-Apr,18:30,DEPT
789,PHYS 567,001,Particle Physics,24-Apr,14:00,DEPT
790,PLNT 304,001,Biology of Fungi,23-Apr,9:00,MAC
791,COURSE NUMBER,SECTION,TITLE,EXAM DATE,TIME,NOTE
792,PLNT 310,001,Plant Propagation,21-Apr,14:00,MAC
793,PLNT 322,001,Greenhouse Management,28-Apr,9:00,MAC
794,PLNT 430,001,Pesticides in Agriculture,24-Apr,9:00,MAC
795,PLNT 435,001,Plant Breeding,22-Apr,14:00,MAC
796,POLI 222,001,Political Proc&Behav in Canada,23-Apr,9:00,
797,POLI 227,001,Developing Areas/Introduction,27-Apr,9:00,
798,POLI 231,001,Intro to Political Theory,29-Apr,14:00,
799,POLI 243,001,Intl Poltcs of Econ Relations,28-Apr,14:00,
800,POLI 321,001,Issues:Canadian Public Policy,21-Apr,9:00,
801,POLI 324,001,Developing Areas/Africa,17-Apr,14:00,HOME
802,POLI 331,001,Politics in E Central Europe,22-Apr,9:00,
803,POLI 341,001,Foreign Policy:The Middle East,27-Apr,14:00,
804,POLI 350,001,Global Environmental Politics,27-Apr,18:30,
805,POLI 352,001,Intl Pol/Foreign Pol:Africa,20-Apr,18:30,
806,POLI 354,001,Approaches to Intl Pol Econ,28-Apr,14:00,
807,POLI 359,001,Topics in Intl Politics 1,22-Apr,18:30,
808,POLI 359,002,Topics in Intl Politics 1,22-Apr,18:30,
809,POLI 362,001,Political Theory and IR,21-Apr,18:30,
810,POLI 365,001,Democratic Theory,30-Apr,18:30,
811,POLI 420,001,"Memory, Place, and Power",30-Apr,9:00,
812,POLI 427,001,Sel Topics:Canadian Politics,27-Apr,9:00,
813,POLI 450,001,Peacebuilding,21-Apr,14:00,
814,PSYC 204,001,Intro to Psychological Stats,23-Apr,9:00,
815,PSYC 212,001,Perception,27-Apr,18:30,
816,PSYC 213,001,Cognition,20-Apr,14:00,
817,PSYC 215,001,Social Psychology,28-Apr,18:30,
818,PSYC 302,001,The Psychology of Pain,28-Apr,14:00,
819,PSYC 305,001,Statistics for Exper Design,23-Apr,9:00,
820,PSYC 315,001,Computational Psychology,17-Apr,9:00,
821,PSYC 318,001,Behavioural Neuroscience 2,22-Apr,9:00,
822,PSYC 333,001,Personality & Social Psych,29-Apr,18:30,
823,PSYC 341,001,The Psychology of Bilingualism,22-Apr,14:00,DEPT
824,PSYC 403,001,Modern Psych in Hist Persp,21-Apr,9:00,
825,PSYC 408,001,Princip & Apps of Psychother,28-Apr,9:00,
826,PSYC 412,001,Developmental Psychopathology,21-Apr,18:30,
827,COURSE NUMBER,SECTION,TITLE,EXAM DATE,TIME,NOTE
828,PSYC 427,001,Sensorimotor Neuroscience,29-Apr,18:30,
829,PSYC 433,001,Cognitive Science,20-Apr,9:00,
830,PSYC 444,001,Sleep Mechanisms and Behaviour,21-Apr,14:00,
831,PSYC 471,001,Human Motivation,29-Apr,9:00,
832,PSYC 473,001,Social Cognition and the Self,27-Apr,9:00,
833,PSYC 529,001,Music Cognition,28-Apr,18:30,
834,PSYC 541,001,Multilevel Modelling,27-Apr,18:30,DEPT
835,PSYC 746,001,Quantitative&Indiv Difference,27-Apr,18:30,DEPT
836,PSYT 500,001,Adv: Neur of Mtl Disorders,30-Apr,18:30,
837,REDM 400,001,Science and Museums,27-Apr,9:00,DEPT
838,RELG 203,001,Bible and Western Culture,28-Apr,14:00,
839,RELG 204,001,"Judaism, Christianity&Islam",27-Apr,9:00,HOME
840,RELG 254,001,Intro to Yoga Traditions,29-Apr,9:00,
841,RELG 257D2,001,Introductory Sanskrit,29-Apr,14:00,HOME
842,RELG 257D2,761,Introductory Sanskrit,29-Apr,14:00,HOME
843,RELG 270,001,Religious Ethics & the Environ,30-Apr,18:30,
844,RELG 312,001,The Gospels,24-Apr,14:00,DEPT
845,RELG 326,001,Christians in the Roman World,28-Apr,18:30,DEPT
846,RELG 333,001,Princip of Christian Theol 1,23-Apr,9:00,DEPT
847,RELG 372,001,Hindu Goddesses,30-Apr,14:00,
848,RELG 411,001,New Testament Exegesis,30-Apr,18:30,HOME
849,RELG 482,001,Exegesis of Greek New Testamnt,30-Apr,18:30,HOME
850,RELG 571,001,"Ethics, Medicine and Religion",20-Apr,9:00,ORAL
851,RUSS 224,001,Russian 19c. Literary Giants 2,22-Apr,18:30,
852,RUSS 390,001,Special Topics in Russian,24-Apr,14:00,HOME
853,RUSS 428,001,Russian Avantgarde,21-Apr,14:00,HOME
854,SEAD 515,001,Climate Change Adapt&Eng Infra,28-Apr,18:30,DEPT
855,SEAD 520,001,Life Cycle-Based Env Footprint,23-Apr,9:00,DEPT
856,SOCI 210,001,Sociological Perspectives,27-Apr,9:00,
857,SOCI 211,001,Sociological Inquiry,30-Apr,14:00,
858,SOCI 227,001,Jews in North America,30-Apr,14:00,
859,SOCI 230,001,Sociology of Ethnic Relations,24-Apr,9:00,
860,SOCI 254,001,Development&Underdevelopment,23-Apr,18:30,
861,SOCI 305,001,Socialization,29-Apr,14:00,
862,SOCI 307,001,Globalization,30-Apr,18:30,
863,COURSE NUMBER,SECTION,TITLE,EXAM DATE,TIME,NOTE
864,SOCI 321,001,Gender and Work,30-Apr,9:00,
865,SOCI 326,001,Political Sociology 01,24-Apr,14:00,
866,SOCI 331,001,Population and Environment,28-Apr,9:00,
867,SOCI 333,001,Social Stratification,17-Apr,9:00,DEPT
868,SOCI 420,001,Organizations,22-Apr,9:00,
869,SWRK 223,001,Poverty and Inequality,30-Apr,14:00,
870,WILD 350,001,Mammalogy,30-Apr,9:00,MAC
871,WILD 350,001L,Mammalogy,21-Apr,14:00,MAC LAB
872,WOOD 441,001,Integrated Forest Management,17-Apr,14:00,MAC
